<?xml version="1.0" encoding="UTF-8" standalone="no"?>
<!--Generated by IBM Migration Application Bundler 0.0.26.3
Wed Nov 27 16:06:29 UTC 2024--><server description="Configuration generated by binaryAppScanner">
    <featureManager>
        <!--Generated by IBM Migration Artifact Bundler 0.0.26.3 to support metric integration.-->
        <feature>mpMetrics-1.1</feature>
        <!--End features generated by IBM Migration Artifact Bundler-->
        <!--The following features are available in all editions of Liberty.-->
        <feature>jsp-2.3</feature>
        <feature>servlet-3.1</feature>
        <feature>transportSecurity-1.0</feature>
    </featureManager>
    <!-- This configuration was migrated on 11/27/24 at 8:05:46 AM from the following location: /opt/IBM/WebSphere/AppServer/profiles/AppSrv01 -->
    <!-- The binary scanner does not support the migration of all WebSphere traditional configuration elements. Check the binary scanner documentation for the list of supported configuration elements. -->
    <applicationManager autoExpand="true"/>
    <httpEndpoint host="${httpEndpoint_host}" httpPort="${httpEndpoint_port}" httpsPort="${httpEndpoint_secure_port}" id="defaultHttpEndpoint"/>
    <webApplication contextRoot="/amajsp" id="helloworldjsp_war.ear" location="helloworldjsp.war"/>
    <transaction propogatedOrBMTTranLifetimeTimeout="300"/>
    <!--<keyStore id="NodeDefaultKeyStore_ghettoes1Node01Cell_KeyStore_ghettoes1Node01_1" location="${NodeDefaultKeyStore_ghettoes1Node01Cell_KeyStore_ghettoes1Node01_1_location}" password="${NodeDefaultKeyStore_ghettoes1Node01Cell_KeyStore_ghettoes1Node01_1_password}"/>
-->
    <!--<keyStore id="NodeDefaultTrustStore_ghettoes1Node01Cell_KeyStore_ghettoes1Node01_2" location="${NodeDefaultTrustStore_ghettoes1Node01Cell_KeyStore_ghettoes1Node01_2_location}" password="${NodeDefaultTrustStore_ghettoes1Node01Cell_KeyStore_ghettoes1Node01_2_password}"/>
-->
    <!--<ssl id="NodeDefaultSSLSettings_ghettoes1Node01Cell_SSLConfig_ghettoes1Node01_1" keyStoreRef="NodeDefaultKeyStore_ghettoes1Node01Cell_KeyStore_ghettoes1Node01_1" sslProtocol="${NodeDefaultSSLSettings_ghettoes1Node01Cell_SSLConfig_ghettoes1Node01_1_sslProtocol}" trustStoreRef="NodeDefaultTrustStore_ghettoes1Node01Cell_KeyStore_ghettoes1Node01_2"/>
-->
    <!--<sslDefault sslRef="NodeDefaultSSLSettings_ghettoes1Node01Cell_SSLConfig_ghettoes1Node01_1"/>
-->
    <!-- The following variables, which often differ between environments, have been extracted from the migrated configuration to allow for easy substitution. -->
    <variable defaultValue="*" name="httpEndpoint_host"/>
    <variable defaultValue="9080" name="httpEndpoint_port"/>
    <variable defaultValue="9443" name="httpEndpoint_secure_port"/>
    <!--<variable defaultValue="helloworldjsp_war_ear_ghettoes1Node01_NodeDefaultKeyStore_key.p12" name="NodeDefaultKeyStore_ghettoes1Node01Cell_KeyStore_ghettoes1Node01_1_location"/>
-->
    <variable defaultValue="TLS" name="NodeDefaultSSLSettings_ghettoes1Node01Cell_SSLConfig_ghettoes1Node01_1_sslProtocol"/>
    <!--<variable defaultValue="helloworldjsp_war_ear_ghettoes1Node01_NodeDefaultTrustStore_trust.p12" name="NodeDefaultTrustStore_ghettoes1Node01Cell_KeyStore_ghettoes1Node01_2_location"/>
-->
    <!-- The following variables are used to replace sensitive data in the server.xml file for the application.
         The values for these variables were not collected because the includeSensitiveData option was not specified.
    -->
    <!--<variable defaultValue="" name="NodeDefaultKeyStore_ghettoes1Node01Cell_KeyStore_ghettoes1Node01_1_password"/>
-->
    <!--<variable defaultValue="" name="NodeDefaultTrustStore_ghettoes1Node01Cell_KeyStore_ghettoes1Node01_2_password"/>
-->
</server>
