{"_id":"2a590cd7-1027-4516-9774-115e3c59ac2c_AppSrv01_2014249445634922_38f35837-60b7-4d4a-8811-06352348ff0e_helloworldjsp_war.ear.EASe_json","_rev":"1-016483b9e74632fbdddeaef5cff49402","report":"analysis","version":"1.4","productVersion":"24.0.0.3","productRelease":"24.0.0.3","buildID":"v20241121_2333","options":["--sourceAppServer\u003dwas90","--sourceJava\u003dibm8","--sourceJavaEE\u003dee7","--targetAppServer\u003dEASe","--targetJava\u003dibm8","--targetJavaEE\u003dee7","--targetCloud\u003dcontainers","--includeHelpLocation","--maxUserDefinedRuleResults\u003d100","--userRuleLocation\u003d/root/dc/transformationadvisor-4.0.0/bin/../conf/userDefinedRules","--excludePackages\u003dch.qos,com.cloudant,com.cognos,com.fasterxml,com.filenet,com.ibatis,com.ibm,com.informix,com.lowagie,com.mchange,com.meterware,com.microsoft,com.mongodb,com.mysql,com.sun,com.sybase,filenet,freemarker,groovy,jakarta,java,javax,net,oracle,org,sqlj,sun,twitter4j,_ibmjsp"],"totalRulesFlagged":0,"filesAffected":0,"totalResults":0,"applications":["/opt/IBM/WebSphere/AppServer/profiles/AppSrv01/config/cells/ghettoes1Node01Cell/applications/helloworldjsp_war.ear/helloworldjsp_war.ear"],"rules":[],"name":"helloworldjsp_war.ear.EASe.analyze","type":"json","tenantId":"38f35837-60b7-4d4a-8811-06352348ff0e","taskname":"2a590cd7-1027-4516-9774-115e3c59ac2c","created":1732723552766,"profileName":"AppSrv01_2014249445634922","applicationName":"helloworldjsp_war.ear.EASe","id":"2a590cd7-1027-4516-9774-115e3c59ac2c_AppSrv01_2014249445634922_38f35837-60b7-4d4a-8811-06352348ff0e_helloworldjsp_war.ear.EASe_json"}