{"_id":"2a590cd7-1027-4516-9774-115e3c59ac2c_AppSrv01_2014249445634922_38f35837-60b7-4d4a-8811-06352348ff0e_helloworldjsp_war.ear_json","_rev":"1-ce8fd8ce6eefbe66b6c02ec6e2f556e7","report":"technology","version":"2.3","productVersion":"24.0.0.3","productRelease":"24.0.0.3","buildID":"v20241121_2333","options":["--baseEdition","--coreEdition","--includeHelpLocation","--liberty","--ndEdition","--traditional","--zosEdition","--excludePackages\u003dch.qos,com.cloudant,com.cognos,com.fasterxml,com.filenet,com.ibatis,com.ibm,com.informix,com.lowagie,com.mchange,com.meterware,com.microsoft,com.mongodb,com.mysql,com.sun,com.sybase,filenet,freemarker,groovy,jakarta,java,javax,net,oracle,org,sqlj,sun,twitter4j,_ibmjsp"],"applications":[{"application":"/opt/IBM/WebSphere/AppServer/profiles/AppSrv01/config/cells/ghettoes1Node01Cell/applications/helloworldjsp_war.ear/helloworldjsp_war.ear","summary":{"openLiberty":true,"libertyCore":true,"liberty":true,"websphereTraditional":true,"ndLiberty":true,"ndTraditional":true,"zosLiberty":true,"zosTraditional":true},"technologies":[{"technology":"Java Servlet","openLiberty":true,"libertyCore":true,"liberty":true,"websphereTraditional":true,"ndLiberty":true,"ndTraditional":true,"zosLiberty":true,"zosTraditional":true},{"technology":"JavaServer Pages / Expression Language (JSP/EL)","openLiberty":true,"libertyCore":true,"liberty":true,"websphereTraditional":true,"ndLiberty":true,"ndTraditional":true,"zosLiberty":true,"zosTraditional":true}],"incompleteReportErrors":[],"footnotes":[]}],"overallSummary":{"openLiberty":true,"libertyCore":true,"liberty":true,"websphereTraditional":true,"ndLiberty":true,"ndTraditional":true,"zosLiberty":true,"zosTraditional":true},"name":"helloworldjsp_war.ear.eval","type":"json","tenantId":"38f35837-60b7-4d4a-8811-06352348ff0e","taskname":"2a590cd7-1027-4516-9774-115e3c59ac2c","created":1732723552766,"profileName":"AppSrv01_2014249445634922","applicationName":"helloworldjsp_war.ear","id":"2a590cd7-1027-4516-9774-115e3c59ac2c_AppSrv01_2014249445634922_38f35837-60b7-4d4a-8811-06352348ff0e_helloworldjsp_war.ear_json"}